{"req": {"raw": [91794.05, 124861.35, 99955.15, 97762.85, 98321.44], "statistics": {"max": 124861.35, "min": 91794.05, "avg": 102538.96800000001, "sqr_dev": 132203392.40369415, "std_dev": 11497.973404200156}}, "transfer": {"raw": [26.96, 36.68, 29.36, 28.72, 28.88], "statistics": {"max": 36.68, "min": 26.96, "avg": 30.119999999999997, "sqr_dev": 11.418880000000172, "std_dev": 3.3791833332922576}}}