{"req": {"raw": [89319.68, 100647.94, 98152.94, 98608.28, 96617.82], "statistics": {"max": 100647.94, "min": 89319.68, "avg": 96669.332, "sqr_dev": 15161994.333856583, "std_dev": 3893.8405634869773}}, "transfer": {"raw": [26.49, 29.85, 29.11, 29.25, 28.66], "statistics": {"max": 29.85, "min": 26.49, "avg": 28.672000000000004, "sqr_dev": 1.3349759999998696, "std_dev": 1.1554116149666618}}}