{"req": {"raw": [91153.54, 97849.25, 92472.87, 92862.6, 90053.64], "statistics": {"max": 97849.25, "min": 90053.64, "avg": 92878.38, "sqr_dev": 7165693.00371933, "std_dev": 2676.8812083690473}}, "transfer": {"raw": [27.04, 29.02, 27.43, 27.54, 26.71], "statistics": {"max": 29.02, "min": 26.71, "avg": 27.548000000000002, "sqr_dev": 0.6282159999998385, "std_dev": 0.7926007822351921}}}