{"req": {"raw": [104423.99, 115932.36, 116495.58, 92349.82, 99015.97], "statistics": {"max": 116495.58, "min": 92349.82, "avg": 105643.544, "sqr_dev": 89152313.37994766, "std_dev": 9442.050274169676}}, "transfer": {"raw": [30.67, 34.05, 34.22, 27.13, 29.08], "statistics": {"max": 34.22, "min": 27.13, "avg": 31.029999999999994, "sqr_dev": 7.68772000000024, "std_dev": 2.7726737997824844}}}