{"req": {"raw": [99002.11, 91245.61, 103089.21, 120619.92, 100386.85], "statistics": {"max": 120619.92, "min": 91245.61, "avg": 102868.73999999999, "sqr_dev": 94272150.98784256, "std_dev": 9709.384686366204}}, "transfer": {"raw": [29.08, 26.8, 30.28, 35.43, 29.49], "statistics": {"max": 35.43, "min": 26.8, "avg": 30.216, "sqr_dev": 8.135303999999905, "std_dev": 2.85224543123482}}}