{"req": {"raw": [89942.24, 112683.49, 101822.23, 114209.81, 109575.49], "statistics": {"max": 114209.81, "min": 89942.24, "avg": 105646.652, "sqr_dev": 79907058.38025665, "std_dev": 8939.074805608054}}, "transfer": {"raw": [26.42, 33.1, 29.91, 33.55, 32.19], "statistics": {"max": 33.55, "min": 26.42, "avg": 31.034000000000002, "sqr_dev": 6.897463999999786, "std_dev": 2.6263023436001776}}}