{"req": {"raw": [82535.12, 88894.12, 95539.97, 74740.41, 89908.39], "statistics": {"max": 95539.97, "min": 74740.41, "avg": 86323.602, "sqr_dev": 50584527.935575485, "std_dev": 7112.28007994451}}, "transfer": {"raw": [30.15, 32.47, 34.9, 27.3, 32.84], "statistics": {"max": 34.9, "min": 27.3, "avg": 31.532, "sqr_dev": 6.7507759999999735, "std_dev": 2.5982255483310093}}}