{"req": {"raw": [97394.27, 114095.03, 108253.18, 102459.46, 108768.2], "statistics": {"max": 114095.03, "min": 97394.27, "avg": 106194.028, "sqr_dev": 32935008.010772705, "std_dev": 5738.903032006439}}, "transfer": {"raw": [28.61, 33.51, 31.8, 30.1, 31.95], "statistics": {"max": 33.51, "min": 28.61, "avg": 31.194, "sqr_dev": 2.835303999999951, "std_dev": 1.6838360965367}}}