{"req": {"raw": [99122.22, 105582.42, 100128.85, 103144.98, 89554.65], "statistics": {"max": 105582.42, "min": 89554.65, "avg": 99506.624, "sqr_dev": 29945929.908664703, "std_dev": 5472.287447554697}}, "transfer": {"raw": [29.11, 31.01, 29.41, 30.3, 26.3], "statistics": {"max": 31.01, "min": 26.3, "avg": 29.226, "sqr_dev": 2.5889840000002096, "std_dev": 1.6090320071397615}}}