{"req": {"raw": [92128.29, 91470.64, 98340.42, 90510.4, 84900.11], "statistics": {"max": 98340.42, "min": 84900.11, "avg": 91469.972, "sqr_dev": 18344060.775655746, "std_dev": 4282.996705071782}}, "transfer": {"raw": [27.32, 27.13, 29.17, 26.84, 25.18], "statistics": {"max": 29.17, "min": 25.18, "avg": 27.128000000000004, "sqr_dev": 1.6168559999999843, "std_dev": 1.2715565264666704}}}