{"req": {"raw": [79041.6, 81494.04, 73065.45, 79247.14, 82052.48], "statistics": {"max": 82052.48, "min": 73065.45, "avg": 78980.142, "sqr_dev": 10163518.082654, "std_dev": 3188.027302683275}}, "transfer": {"raw": [23.22, 23.94, 21.46, 23.28, 24.1], "statistics": {"max": 24.1, "min": 21.46, "avg": 23.2, "sqr_dev": 0.878400000000056, "std_dev": 0.9372299611088284}}}