{"req": {"raw": [78271.06, 91245.05, 91379.64, 81302.49, 85182.55], "statistics": {"max": 91379.64, "min": 78271.06, "avg": 85476.158, "sqr_dev": 27510072.41069603, "std_dev": 5245.004519606826}}, "transfer": {"raw": [23.21, 27.06, 27.1, 24.11, 25.26], "statistics": {"max": 27.1, "min": 23.21, "avg": 25.348000000000003, "sqr_dev": 2.4223759999999857, "std_dev": 1.5563984065784653}}}