{"req": {"raw": [87516.04, 91598.29, 91305.02, 91971.1, 91132.67], "statistics": {"max": 91971.1, "min": 87516.04, "avg": 90704.62399999998, "sqr_dev": 2622673.4076251984, "std_dev": 1619.4670134415205}}, "transfer": {"raw": [25.71, 26.9, 26.82, 27.01, 26.77], "statistics": {"max": 27.01, "min": 25.71, "avg": 26.642000000000003, "sqr_dev": 0.22373599999980343, "std_dev": 0.4730073995190809}}}