{"req": {"raw": [72035.49, 90959.35, 101122.29, 95286.1, 100181.21], "statistics": {"max": 101122.29, "min": 72035.49, "avg": 91916.888, "sqr_dev": 112115379.81161499, "std_dev": 10588.45502477179}}, "transfer": {"raw": [21.16, 26.72, 29.7, 27.99, 29.43], "statistics": {"max": 29.7, "min": 21.16, "avg": 27.0, "sqr_dev": 9.671799999999848, "std_dev": 3.109951768114716}}}