{"req": {"raw": [89721.66, 97886.27, 96493.16, 103653.42, 100352.62], "statistics": {"max": 103653.42, "min": 89721.66, "avg": 97621.42599999999, "sqr_dev": 21518760.329504013, "std_dev": 4638.831784997599}}, "transfer": {"raw": [26.35, 28.75, 28.34, 30.45, 29.48], "statistics": {"max": 30.45, "min": 26.35, "avg": 28.674, "sqr_dev": 1.8644240000000991, "std_dev": 1.365439123505731}}}