{"req": {"raw": [58365.65, 67273.66, 66137.58, 67086.14, 66981.48], "statistics": {"max": 67273.66, "min": 58365.65, "avg": 65168.902, "sqr_dev": 11722764.327296257, "std_dev": 3423.8522642334115}}, "transfer": {"raw": [21.32, 24.57, 24.16, 24.5, 24.47], "statistics": {"max": 24.57, "min": 21.32, "avg": 23.804, "sqr_dev": 1.5623439999999391, "std_dev": 1.249937598442394}}}