{"lua-no-optimization-match.json": {"req": {"raw": [78271.06, 91245.05, 91379.64, 81302.49, 85182.55], "statistics": {"max": 91379.64, "min": 78271.06, "avg": 85476.158, "sqr_dev": 27510072.41069603, "std_dev": 5245.004519606826}}, "transfer": {"raw": [23.21, 27.06, 27.1, 24.11, 25.26], "statistics": {"max": 27.1, "min": 23.21, "avg": 25.348000000000003, "sqr_dev": 2.4223759999999857, "std_dev": 1.5563984065784653}}}, "lua-optimization-unmatch.json": {"req": {"raw": [89721.66, 97886.27, 96493.16, 103653.42, 100352.62], "statistics": {"max": 103653.42, "min": 89721.66, "avg": 97621.42599999999, "sqr_dev": 21518760.329504013, "std_dev": 4638.831784997599}}, "transfer": {"raw": [26.35, 28.75, 28.34, 30.45, 29.48], "statistics": {"max": 30.45, "min": 26.35, "avg": 28.674, "sqr_dev": 1.8644240000000991, "std_dev": 1.365439123505731}}}, "lua-no-optimization-unmatch.json": {"req": {"raw": [99122.22, 105582.42, 100128.85, 103144.98, 89554.65], "statistics": {"max": 105582.42, "min": 89554.65, "avg": 99506.624, "sqr_dev": 29945929.908664703, "std_dev": 5472.287447554697}}, "transfer": {"raw": [29.11, 31.01, 29.41, 30.3, 26.3], "statistics": {"max": 31.01, "min": 26.3, "avg": 29.226, "sqr_dev": 2.5889840000002096, "std_dev": 1.6090320071397615}}}, "bpftime-no-metric-unmatch.json": {"req": {"raw": [89942.24, 112683.49, 101822.23, 114209.81, 109575.49], "statistics": {"max": 114209.81, "min": 89942.24, "avg": 105646.652, "sqr_dev": 79907058.38025665, "std_dev": 8939.074805608054}}, "transfer": {"raw": [26.42, 33.1, 29.91, 33.55, 32.19], "statistics": {"max": 33.55, "min": 26.42, "avg": 31.034000000000002, "sqr_dev": 6.897463999999786, "std_dev": 2.6263023436001776}}}, "wasm-optimization-match.json": {"req": {"raw": [88646.19, 97021.14, 100196.77, 92104.08, 102226.09], "statistics": {"max": 102226.09, "min": 88646.19, "avg": 96038.854, "sqr_dev": 25333793.60330391, "std_dev": 5033.268679824663}}, "transfer": {"raw": [26.29, 28.78, 29.72, 27.32, 30.32], "statistics": {"max": 30.32, "min": 26.29, "avg": 28.485999999999997, "sqr_dev": 2.2309440000000222, "std_dev": 1.4936344934420944}}}, "bpftime-with-metric-match.json": {"req": {"raw": [89319.68, 100647.94, 98152.94, 98608.28, 96617.82], "statistics": {"max": 100647.94, "min": 89319.68, "avg": 96669.332, "sqr_dev": 15161994.333856583, "std_dev": 3893.8405634869773}}, "transfer": {"raw": [26.49, 29.85, 29.11, 29.25, 28.66], "statistics": {"max": 29.85, "min": 26.49, "avg": 28.672000000000004, "sqr_dev": 1.3349759999998696, "std_dev": 1.1554116149666618}}}, "lua-optimization-match.json": {"req": {"raw": [92128.29, 91470.64, 98340.42, 90510.4, 84900.11], "statistics": {"max": 98340.42, "min": 84900.11, "avg": 91469.972, "sqr_dev": 18344060.775655746, "std_dev": 4282.996705071782}}, "transfer": {"raw": [27.32, 27.13, 29.17, 26.84, 25.18], "statistics": {"max": 29.17, "min": 25.18, "avg": 27.128000000000004, "sqr_dev": 1.6168559999999843, "std_dev": 1.2715565264666704}}}, "wasm-no-optimization-unmatch.json": {"req": {"raw": [79241.36, 91004.5, 92470.4, 94824.24, 93287.0], "statistics": {"max": 94824.24, "min": 79241.36, "avg": 90165.5, "sqr_dev": 31360188.07744026, "std_dev": 5600.016792603417}}, "transfer": {"raw": [23.28, 26.73, 27.16, 27.85, 27.4], "statistics": {"max": 27.85, "min": 23.28, "avg": 26.484, "sqr_dev": 2.697623999999905, "std_dev": 1.6424445196109076}}}, "wasm-no-optimization-match.json": {"req": {"raw": [69194.14, 71829.41, 72942.84, 70966.26, 71014.94], "statistics": {"max": 72942.84, "min": 69194.14, "avg": 71189.518, "sqr_dev": 1509090.9565763474, "std_dev": 1228.4506325352872}}, "transfer": {"raw": [20.52, 21.3, 21.63, 21.05, 21.06], "statistics": {"max": 21.63, "min": 20.52, "avg": 21.112000000000002, "sqr_dev": 0.132135999999889, "std_dev": 0.3635051581475688}}}, "wasm-optimization-unmatch.json": {"req": {"raw": [97747.72, 100981.83, 103350.7, 94948.14, 109838.99], "statistics": {"max": 109838.99, "min": 94948.14, "avg": 101373.476, "sqr_dev": 26031755.580825806, "std_dev": 5102.132454261238}}, "transfer": {"raw": [28.71, 29.66, 30.36, 27.89, 32.26], "statistics": {"max": 32.26, "min": 27.89, "avg": 29.776, "sqr_dev": 2.243624000000068, "std_dev": 1.4978731588489287}}}, "bpftime-no-metric-match.json": {"req": {"raw": [91153.54, 97849.25, 92472.87, 92862.6, 90053.64], "statistics": {"max": 97849.25, "min": 90053.64, "avg": 92878.38, "sqr_dev": 7165693.00371933, "std_dev": 2676.8812083690473}}, "transfer": {"raw": [27.04, 29.02, 27.43, 27.54, 26.71], "statistics": {"max": 29.02, "min": 26.71, "avg": 27.548000000000002, "sqr_dev": 0.6282159999998385, "std_dev": 0.7926007822351921}}}, "no-module.json": {"req": {"raw": [109401.44, 111276.2, 113612.66, 114054.24, 114032.76], "statistics": {"max": 114054.24, "min": 109401.44, "avg": 112475.46, "sqr_dev": 3419755.385278702, "std_dev": 1849.2580634618582}}, "transfer": {"raw": [32.13, 32.68, 33.37, 33.5, 33.49], "statistics": {"max": 33.5, "min": 32.13, "avg": 33.034000000000006, "sqr_dev": 0.29610399999955916, "std_dev": 0.5441543898560033}}}, "bpftime-with-metric-unmatch.json": {"req": {"raw": [104423.99, 115932.36, 116495.58, 92349.82, 99015.97], "statistics": {"max": 116495.58, "min": 92349.82, "avg": 105643.544, "sqr_dev": 89152313.37994766, "std_dev": 9442.050274169676}}, "transfer": {"raw": [30.67, 34.05, 34.22, 27.13, 29.08], "statistics": {"max": 34.22, "min": 27.13, "avg": 31.029999999999994, "sqr_dev": 7.68772000000024, "std_dev": 2.7726737997824844}}}}