{"lua-no-optimization-match.json": {"req": {"raw": [58365.65, 67273.66, 66137.58, 67086.14, 66981.48], "statistics": {"max": 67273.66, "min": 58365.65, "avg": 65168.902, "sqr_dev": 11722764.327296257, "std_dev": 3423.8522642334115}}, "transfer": {"raw": [21.32, 24.57, 24.16, 24.5, 24.47], "statistics": {"max": 24.57, "min": 21.32, "avg": 23.804, "sqr_dev": 1.5623439999999391, "std_dev": 1.249937598442394}}}, "lua-optimization-unmatch.json": {"req": {"raw": [72035.49, 90959.35, 101122.29, 95286.1, 100181.21], "statistics": {"max": 101122.29, "min": 72035.49, "avg": 91916.888, "sqr_dev": 112115379.81161499, "std_dev": 10588.45502477179}}, "transfer": {"raw": [21.16, 26.72, 29.7, 27.99, 29.43], "statistics": {"max": 29.7, "min": 21.16, "avg": 27.0, "sqr_dev": 9.671799999999848, "std_dev": 3.109951768114716}}}, "lua-no-optimization-unmatch.json": {"req": {"raw": [79041.6, 81494.04, 73065.45, 79247.14, 82052.48], "statistics": {"max": 82052.48, "min": 73065.45, "avg": 78980.142, "sqr_dev": 10163518.082654, "std_dev": 3188.027302683275}}, "transfer": {"raw": [23.22, 23.94, 21.46, 23.28, 24.1], "statistics": {"max": 24.1, "min": 21.46, "avg": 23.2, "sqr_dev": 0.878400000000056, "std_dev": 0.9372299611088284}}}, "bpftime-no-metric-unmatch.json": {"req": {"raw": [91794.05, 124861.35, 99955.15, 97762.85, 98321.44], "statistics": {"max": 124861.35, "min": 91794.05, "avg": 102538.96800000001, "sqr_dev": 132203392.40369415, "std_dev": 11497.973404200156}}, "transfer": {"raw": [26.96, 36.68, 29.36, 28.72, 28.88], "statistics": {"max": 36.68, "min": 26.96, "avg": 30.119999999999997, "sqr_dev": 11.418880000000172, "std_dev": 3.3791833332922576}}}, "wasm-optimization-match.json": {"req": {"raw": [87817.89, 98339.15, 95110.02, 101319.88, 101379.84], "statistics": {"max": 101379.84, "min": 87817.89, "avg": 96793.356, "sqr_dev": 25461468.82026291, "std_dev": 5045.935871596359}}, "transfer": {"raw": [32.08, 35.92, 34.74, 37.01, 37.03], "statistics": {"max": 37.03, "min": 32.08, "avg": 35.356, "sqr_dev": 3.39354400000002, "std_dev": 1.8421574308402688}}}, "lua-optimization-match.json": {"req": {"raw": [82535.12, 88894.12, 95539.97, 74740.41, 89908.39], "statistics": {"max": 95539.97, "min": 74740.41, "avg": 86323.602, "sqr_dev": 50584527.935575485, "std_dev": 7112.28007994451}}, "transfer": {"raw": [30.15, 32.47, 34.9, 27.3, 32.84], "statistics": {"max": 34.9, "min": 27.3, "avg": 31.532, "sqr_dev": 6.7507759999999735, "std_dev": 2.5982255483310093}}}, "wasm-no-optimization-unmatch.json": {"req": {"raw": [65464.21, 70038.8, 66466.06, 73880.61, 64694.06], "statistics": {"max": 73880.61, "min": 64694.06, "avg": 68108.74799999999, "sqr_dev": 11678318.181176186, "std_dev": 3417.3554367633733}}, "transfer": {"raw": [19.23, 20.57, 19.52, 21.7, 19.0], "statistics": {"max": 21.7, "min": 19.0, "avg": 20.003999999999998, "sqr_dev": 1.007624000000078, "std_dev": 1.0038047618935058}}}, "wasm-no-optimization-match.json": {"req": {"raw": [53745.84, 60737.02, 60273.62, 58453.48, 60614.69], "statistics": {"max": 60737.02, "min": 53745.84, "avg": 58764.93000000001, "sqr_dev": 6975032.414479256, "std_dev": 2641.028665970753}}, "transfer": {"raw": [19.63, 22.18, 22.02, 21.35, 22.14], "statistics": {"max": 22.18, "min": 19.63, "avg": 21.464000000000002, "sqr_dev": 0.9310639999999353, "std_dev": 0.9649165767049166}}}, "wasm-optimization-unmatch.json": {"req": {"raw": [102234.67, 101685.47, 87943.35, 95655.83, 103010.64], "statistics": {"max": 103010.64, "min": 87943.35, "avg": 98105.992, "sqr_dev": 32639360.606096268, "std_dev": 5713.086784400904}}, "transfer": {"raw": [30.03, 29.87, 25.83, 28.1, 30.26], "statistics": {"max": 30.26, "min": 25.83, "avg": 28.818, "sqr_dev": 2.8197359999999208, "std_dev": 1.6792069556787574}}}, "no-module.json": {"req": {"raw": [86887.75, 100973.2, 98847.28, 92572.93, 96312.63], "statistics": {"max": 100973.2, "min": 86887.75, "avg": 95118.758, "sqr_dev": 24766486.137973785, "std_dev": 4976.593828912883}}, "transfer": {"raw": [31.74, 36.88, 36.1, 33.81, 35.18], "statistics": {"max": 36.88, "min": 31.74, "avg": 34.742000000000004, "sqr_dev": 3.297535999999809, "std_dev": 1.8159118921356865}}}, "bpftime-with-metric-unmatch.json": {"req": {"raw": [99002.11, 91245.61, 103089.21, 120619.92, 100386.85], "statistics": {"max": 120619.92, "min": 91245.61, "avg": 102868.73999999999, "sqr_dev": 94272150.98784256, "std_dev": 9709.384686366204}}, "transfer": {"raw": [29.08, 26.8, 30.28, 35.43, 29.49], "statistics": {"max": 35.43, "min": 26.8, "avg": 30.216, "sqr_dev": 8.135303999999905, "std_dev": 2.85224543123482}}}}