{"req": {"raw": [109401.44, 111276.2, 113612.66, 114054.24, 114032.76], "statistics": {"max": 114054.24, "min": 109401.44, "avg": 112475.46, "sqr_dev": 3419755.385278702, "std_dev": 1849.2580634618582}}, "transfer": {"raw": [32.13, 32.68, 33.37, 33.5, 33.49], "statistics": {"max": 33.5, "min": 32.13, "avg": 33.034000000000006, "sqr_dev": 0.29610399999955916, "std_dev": 0.5441543898560033}}}