{"req": {"raw": [86887.75, 100973.2, 98847.28, 92572.93, 96312.63], "statistics": {"max": 100973.2, "min": 86887.75, "avg": 95118.758, "sqr_dev": 24766486.137973785, "std_dev": 4976.593828912883}}, "transfer": {"raw": [31.74, 36.88, 36.1, 33.81, 35.18], "statistics": {"max": 36.88, "min": 31.74, "avg": 34.742000000000004, "sqr_dev": 3.297535999999809, "std_dev": 1.8159118921356865}}}