{"req": {"raw": [87817.89, 98339.15, 95110.02, 101319.88, 101379.84], "statistics": {"max": 101379.84, "min": 87817.89, "avg": 96793.356, "sqr_dev": 25461468.82026291, "std_dev": 5045.935871596359}}, "transfer": {"raw": [32.08, 35.92, 34.74, 37.01, 37.03], "statistics": {"max": 37.03, "min": 32.08, "avg": 35.356, "sqr_dev": 3.39354400000002, "std_dev": 1.8421574308402688}}}