{"req": {"raw": [65464.21, 70038.8, 66466.06, 73880.61, 64694.06], "statistics": {"max": 73880.61, "min": 64694.06, "avg": 68108.74799999999, "sqr_dev": 11678318.181176186, "std_dev": 3417.3554367633733}}, "transfer": {"raw": [19.23, 20.57, 19.52, 21.7, 19.0], "statistics": {"max": 21.7, "min": 19.0, "avg": 20.003999999999998, "sqr_dev": 1.007624000000078, "std_dev": 1.0038047618935058}}}