{"req": {"raw": [79241.36, 91004.5, 92470.4, 94824.24, 93287.0], "statistics": {"max": 94824.24, "min": 79241.36, "avg": 90165.5, "sqr_dev": 31360188.07744026, "std_dev": 5600.016792603417}}, "transfer": {"raw": [23.28, 26.73, 27.16, 27.85, 27.4], "statistics": {"max": 27.85, "min": 23.28, "avg": 26.484, "sqr_dev": 2.697623999999905, "std_dev": 1.6424445196109076}}}