{"req": {"raw": [69194.14, 71829.41, 72942.84, 70966.26, 71014.94], "statistics": {"max": 72942.84, "min": 69194.14, "avg": 71189.518, "sqr_dev": 1509090.9565763474, "std_dev": 1228.4506325352872}}, "transfer": {"raw": [20.52, 21.3, 21.63, 21.05, 21.06], "statistics": {"max": 21.63, "min": 20.52, "avg": 21.112000000000002, "sqr_dev": 0.132135999999889, "std_dev": 0.3635051581475688}}}