{"req": {"raw": [102234.67, 101685.47, 87943.35, 95655.83, 103010.64], "statistics": {"max": 103010.64, "min": 87943.35, "avg": 98105.992, "sqr_dev": 32639360.606096268, "std_dev": 5713.086784400904}}, "transfer": {"raw": [30.03, 29.87, 25.83, 28.1, 30.26], "statistics": {"max": 30.26, "min": 25.83, "avg": 28.818, "sqr_dev": 2.8197359999999208, "std_dev": 1.6792069556787574}}}