{"req": {"raw": [72447.19, 74987.6, 77604.04, 76792.52, 76900.5], "statistics": {"max": 77604.04, "min": 72447.19, "avg": 75746.37000000001, "sqr_dev": 3467540.8587179184, "std_dev": 1862.1334159286005}}, "transfer": {"raw": [21.49, 22.24, 23.02, 22.78, 22.81], "statistics": {"max": 23.02, "min": 21.49, "avg": 22.468, "sqr_dev": 0.30549599999994825, "std_dev": 0.5527169257404266}}}