{"req": {"raw": [88646.19, 97021.14, 100196.77, 92104.08, 102226.09], "statistics": {"max": 102226.09, "min": 88646.19, "avg": 96038.854, "sqr_dev": 25333793.60330391, "std_dev": 5033.268679824663}}, "transfer": {"raw": [26.29, 28.78, 29.72, 27.32, 30.32], "statistics": {"max": 30.32, "min": 26.29, "avg": 28.485999999999997, "sqr_dev": 2.2309440000000222, "std_dev": 1.4936344934420944}}}