{"req": {"raw": [84987.88, 89969.3, 87591.45, 99005.53, 91945.09], "statistics": {"max": 99005.53, "min": 84987.88, "avg": 90699.85, "sqr_dev": 22671479.61267948, "std_dev": 4761.457719299782}}, "transfer": {"raw": [24.96, 26.43, 25.73, 29.08, 27.01], "statistics": {"max": 29.08, "min": 24.96, "avg": 26.642000000000003, "sqr_dev": 1.9570159999998396, "std_dev": 1.3989338797812567}}}