{"req": {"raw": [97747.72, 100981.83, 103350.7, 94948.14, 109838.99], "statistics": {"max": 109838.99, "min": 94948.14, "avg": 101373.476, "sqr_dev": 26031755.580825806, "std_dev": 5102.132454261238}}, "transfer": {"raw": [28.71, 29.66, 30.36, 27.89, 32.26], "statistics": {"max": 32.26, "min": 27.89, "avg": 29.776, "sqr_dev": 2.243624000000068, "std_dev": 1.4978731588489287}}}