{"req": {"raw": [116787.64, 90414.42, 115473.76, 104397.34, 114151.71], "statistics": {"max": 116787.64, "min": 90414.42, "avg": 108244.974, "sqr_dev": 98570992.58798218, "std_dev": 9928.292531346071}}, "transfer": {"raw": [34.3, 26.56, 33.92, 30.66, 33.53], "statistics": {"max": 34.3, "min": 26.56, "avg": 31.794, "sqr_dev": 8.498864000000026, "std_dev": 2.915281118520138}}}