{"req": {"raw": [86616.59, 97546.18, 95401.2, 95980.11, 101335.17], "statistics": {"max": 101335.17, "min": 86616.59, "avg": 95375.84999999999, "sqr_dev": 23462847.137802124, "std_dev": 4843.84631649293}}, "transfer": {"raw": [25.69, 28.93, 28.29, 28.47, 30.05], "statistics": {"max": 30.05, "min": 25.69, "avg": 28.286, "sqr_dev": 2.0599039999998467, "std_dev": 1.4352365658663546}}}