{"req": {"raw": [53745.84, 60737.02, 60273.62, 58453.48, 60614.69], "statistics": {"max": 60737.02, "min": 53745.84, "avg": 58764.93000000001, "sqr_dev": 6975032.414479256, "std_dev": 2641.028665970753}}, "transfer": {"raw": [19.63, 22.18, 22.02, 21.35, 22.14], "statistics": {"max": 22.18, "min": 19.63, "avg": 21.464000000000002, "sqr_dev": 0.9310639999999353, "std_dev": 0.9649165767049166}}}